﻿{"cameraMode":{"drawMode":0,"name":"Shaded","section":"Shading Mode"},"sceneLighting":true,"audioPlay":false,"sceneViewState":{"showFog":true,"showMaterialUpdate":false,"showSkybox":true,"showFlares":true,"showImageEffects":true,"showParticleSystems":true},"in2DMode":false,"pivot":{"x":2.453066825866699,"y":3.6121463775634767,"z":-8.293068885803223},"rotation":{"x":0.17042651772499085,"y":-0.8257375955581665,"z":0.4214284420013428,"w":0.3339315950870514},"size":63.469398498535159,"orthographic":false}